date,city,avg_temp,is_anomaly
2026-07-10,Manila,27.25,False
2026-07-10,Cebu City,27.7,False
2026-07-10,Davao City,24.75,False
2026-07-10,Baguio,17.8,False
2026-07-11,Manila,26.6,False
2026-07-11,Cebu City,28.7,False
2026-07-11,Davao City,26.8,False
2026-07-11,Baguio,18.15,False
2026-07-12,Manila,27.5,False
2026-07-12,Cebu City,28.6,False
2026-07-12,Davao City,25.8,False
2026-07-12,Baguio,18.5,False
2026-07-13,Manila,28.1,False
2026-07-13,Cebu City,27.05,False
2026-07-13,Davao City,26.6,False
2026-07-13,Baguio,19.05,False
2026-07-14,Manila,29.25,True
2026-07-14,Cebu City,28.35,False
2026-07-14,Davao City,26.35,False
2026-07-14,Baguio,19.7,False
2026-07-16,Manila,29.35,False
2026-07-16,Cebu City,28.25,False
2026-07-16,Davao City,26.1,False
2026-07-16,Baguio,19.1,False
2026-07-17,Manila,30.4,True
2026-07-17,Cebu City,28.55,False
2026-07-17,Davao City,25.9,False
2026-07-17,Baguio,19.4,False
2026-07-18,Manila,29.35,False
2026-07-18,Cebu City,28.4,False
2026-07-18,Davao City,26.2,False
2026-07-18,Baguio,18.75,False
2026-07-20,Manila,29.05,False
2026-07-20,Cebu City,27.2,False
2026-07-20,Davao City,25.9,False
2026-07-20,Baguio,19.3,False
2026-07-21,Manila,28.9,False
2026-07-21,Cebu City,27.1,False
2026-07-21,Davao City,26.15,False
2026-07-21,Baguio,19.65,False
2026-07-23,Manila,29.55,False
2026-07-23,Cebu City,26.85,False
2026-07-23,Davao City,24.0,True
2026-07-23,Baguio,19.65,False
2026-07-24,Manila,26.9,False
2026-07-24,Cebu City,27.05,False
2026-07-24,Davao City,24.4,True
2026-07-24,Baguio,18.1,False
2026-07-25,Manila,27.3,False
2026-07-25,Cebu City,27.5,False
2026-07-25,Davao City,25.6,False
2026-07-25,Baguio,19.8,False
2026-07-26,Manila,28.4,False
2026-07-26,Cebu City,27.85,False
2026-07-26,Davao City,26.2,False
2026-07-26,Baguio,19.4,False
2026-07-27,Manila,27.85,False
2026-07-27,Cebu City,26.8,False
2026-07-27,Davao City,26.3,False
2026-07-27,Baguio,19.7,False
2026-07-28,Manila,25.1,True
2026-07-28,Cebu City,26.8,False
2026-07-28,Davao City,25.8,False
2026-07-28,Baguio,18.8,False
2026-07-30,Manila,27.8,False
2026-07-30,Cebu City,27.4,False
2026-07-30,Davao City,26.25,False
2026-07-30,Baguio,19.15,False
2026-07-31,Manila,28.45,False
2026-07-31,Cebu City,27.15,False
2026-07-31,Davao City,25.5,False
2026-07-31,Baguio,19.05,False
2026-08-01,Manila,27.7,False
2026-08-01,Cebu City,27.85,False
2026-08-01,Davao City,26.35,False
2026-08-01,Baguio,19.5,False
2026-08-03,Manila,27.3,False
2026-08-03,Cebu City,28.6,False
2026-08-03,Davao City,26.55,False
2026-08-03,Baguio,17.85,True
2026-08-04,Manila,27.0,False
2026-08-04,Cebu City,28.25,False
2026-08-04,Davao City,25.8,False
2026-08-04,Baguio,17.95,True
2026-08-05,Manila,26.7,False
2026-08-05,Cebu City,28.75,False
2026-08-05,Davao City,26.2,False
2026-08-05,Baguio,17.6,True
2026-08-06,Manila,26.85,False
2026-08-06,Cebu City,28.7,False
2026-08-06,Davao City,26.65,False
2026-08-06,Baguio,17.25,True
2026-08-07,Manila,27.05,False
2026-08-07,Cebu City,29.0,True
2026-08-07,Davao City,26.25,False
2026-08-07,Baguio,17.85,False
2026-08-08,Manila,26.85,False
2026-08-08,Cebu City,28.9,False
2026-08-08,Davao City,26.55,False
2026-08-08,Baguio,17.5,True
2026-08-09,Manila,26.8,False
2026-08-09,Cebu City,28.9,False
2026-08-09,Davao City,25.95,False
2026-08-09,Baguio,18.0,False
2026-08-10,Manila,27.8,False
2026-08-10,Cebu City,28.95,False
2026-08-10,Davao City,26.1,False
2026-08-10,Baguio,18.75,False
2026-08-11,Manila,27.4,False
2026-08-11,Cebu City,29.0,False
2026-08-11,Davao City,26.8,False
2026-08-11,Baguio,18.45,False
2026-08-12,Manila,27.5,False
2026-08-12,Cebu City,29.35,True
2026-08-12,Davao City,26.6,False
2026-08-12,Baguio,18.4,False
2026-08-13,Manila,27.65,False
2026-08-13,Cebu City,29.2,False
2026-08-13,Davao City,27.15,True
2026-08-13,Baguio,18.75,False
2026-08-14,Manila,27.7,False
2026-08-14,Cebu City,29.3,False
2026-08-14,Davao City,26.65,False
2026-08-14,Baguio,18.85,False
2026-08-15,Manila,27.3,False
2026-08-15,Cebu City,29.4,False
2026-08-15,Davao City,26.9,False
2026-08-15,Baguio,18.1,False
2026-08-16,Manila,26.75,False
2026-08-16,Cebu City,29.45,False
2026-08-16,Davao City,26.55,False
2026-08-16,Baguio,17.7,False
2026-08-17,Manila,26.05,False
2026-08-17,Cebu City,28.4,False
2026-08-17,Davao City,26.45,False
2026-08-17,Baguio,17.55,False
2026-08-18,Manila,27.0,False
2026-08-18,Cebu City,30.25,True
2026-08-18,Davao City,26.7,False
2026-08-18,Baguio,18.1,False
2026-08-19,Manila,28.35,False
2026-08-19,Cebu City,30.0,True
2026-08-19,Davao City,26.2,False
2026-08-19,Baguio,19.0,False
2026-08-20,Manila,28.85,False
2026-08-20,Cebu City,29.3,False
2026-08-20,Davao City,26.1,False
2026-08-20,Baguio,18.45,False
2026-08-21,Manila,28.6,False
2026-08-21,Cebu City,29.35,False
2026-08-21,Davao City,27.25,True
2026-08-21,Baguio,18.0,False
2026-08-22,Manila,27.85,False
2026-08-22,Cebu City,29.35,False
2026-08-22,Davao City,27.35,True
2026-08-22,Baguio,18.4,False
2026-08-23,Manila,28.2,False
2026-08-23,Cebu City,29.85,False
2026-08-23,Davao City,26.75,False
2026-08-23,Baguio,18.85,False
2026-08-24,Manila,28.9,False
2026-08-24,Cebu City,29.65,False
2026-08-24,Davao City,26.3,False
2026-08-24,Baguio,19.3,False
2026-08-25,Manila,28.3,False
2026-08-25,Cebu City,29.4,False
2026-08-25,Davao City,26.75,False
2026-08-25,Baguio,18.95,False
2026-08-27,Manila,27.7,False
2026-08-27,Cebu City,29.5,False
2026-08-27,Davao City,26.35,False
2026-08-27,Baguio,18.05,False
2026-08-28,Manila,26.5,False
2026-08-28,Cebu City,28.6,False
2026-08-28,Davao City,26.25,False
2026-08-28,Baguio,17.6,False
2026-08-29,Manila,26.5,False
2026-08-29,Cebu City,29.85,False
2026-08-29,Davao City,26.95,False
2026-08-29,Baguio,17.4,True
2026-08-30,Manila,27.0,False
2026-08-30,Cebu City,29.85,False
2026-08-30,Davao City,26.1,False
2026-08-30,Baguio,17.5,False
2026-08-31,Manila,28.1,False
2026-08-31,Cebu City,29.65,False
2026-08-31,Davao City,26.35,False
2026-08-31,Baguio,17.65,False
2026-09-01,Manila,28.4,False
2026-09-01,Cebu City,29.6,False
2026-09-01,Davao City,27.25,True
2026-09-01,Baguio,18.1,False
2026-09-02,Manila,27.75,False
2026-09-02,Cebu City,29.1,False
2026-09-02,Davao City,26.55,False
2026-09-02,Baguio,18.0,False
2026-09-03,Manila,27.75,False
2026-09-03,Cebu City,29.8,False
2026-09-03,Davao City,27.2,False
2026-09-03,Baguio,17.7,False
